{
	"global.bias" : {
		"mean" : 4.3531355857849121094,
		"var" : 0
	},
	"rating.var" : 0.62130266427993774414,
	"user.bias" : {
		"mean" : -0.027514176443219184875,
		"var" : 0.30093950033187866211
	},
	"item.bias" : {
		"mean" : 0.0010378544684499502182,
		"var" : 0.16982479393482208252
	}
}